{"cameraMode":{"drawMode":0,"name":"Shaded","section":"Shading Mode"},"sceneLighting":false,"audioPlay":false,"sceneViewState":{"showFog":true,"showMaterialUpdate":false,"showSkybox":false,"showFlares":true,"showImageEffects":true,"showParticleSystems":true},"in2DMode":false,"pivot":{"x":0.04150390625,"y":3.9270002841949465,"z":-0.32096731662750246},"rotation":{"x":0.2968985438346863,"y":0.6848410367965698,"z":-0.36572664976119997,"w":0.5559581518173218},"size":3.674274206161499,"orthographic":true}