{"cameraMode":{"drawMode":0,"name":"Shaded","section":"Shading Mode"},"sceneLighting":false,"audioPlay":false,"sceneViewState":{"showFog":true,"showMaterialUpdate":false,"showSkybox":false,"showFlares":true,"showImageEffects":true,"showParticleSystems":true},"in2DMode":false,"pivot":{"x":0.00003457069396972656,"y":2.9999754428863527,"z":-0.000022411346435546875},"rotation":{"x":0.06604224443435669,"y":-0.20271463692188264,"z":0.013704339973628521,"w":0.9769132733345032},"size":3.316666603088379,"orthographic":true}